,MinMaxScaler(),RobustScaler(),StandardScaler()
MAE,3.5976355547535497,3.48908197593027,3.8385202275757586
MSE,23.090444957693766,22.28239454710817,25.53850974606359
RMSE,4.784136153675979,4.697038725392946,5.033716485582561
