,PR1,PR2,PR3
MAE,,,
MSE,,,
RMSE,5.5406620535115785,20044695429.52905,43.36877726624487
