,"EN (alpha=0.1, l1_ratio=1)"
MAE,3.031201125841227
MSE,15.85687555084126
RMSE,3.9820692549026893
