,Fit Time,Score Time,MAE,MSE,RMSE,Est
0,0.2050119161605835,0.005914163589477539,3.0492533719170987,18.593727795671757,4.288233229771691,5
1,0.3080702781677246,0.005704426765441894,2.9309091562192355,16.745894049386735,4.07327107188853,10
2,0.6703893184661865,0.0074249267578125,2.84886617030516,15.815871632609912,3.9590693706648517,25
3,1.2796348094940186,0.011200761795043946,2.826263708988395,15.499005352796434,3.919313454249244,50
4,2.449978995323181,0.016489529609680177,2.8000521317394216,15.300431765558008,3.8904470861554117,100
5,12.093497705459594,0.08498218059539794,2.79790730628084,15.301505805119854,3.891843968098635,500
6,25.861182379722596,0.1709979772567749,2.790042054710958,15.21731378533822,3.8813903637733516,1000
7,49.04498739242554,0.35626840591430664,2.783828974463734,15.130903570600868,3.8702468632044913,2000
