,poly-1,poly-2,poly-3
MAE,,,
MSE,,,
RMSE,4.112667379498244,91007702621.68054,19.234876710651584
