,poly-1,poly-2,poly-3
MAE,,,
MSE,,,
RMSE,5.5406620535115785,20044695429.52905,43.36877726624487
