,Fit Time,Score Time,MAE,MSE,RMSE,Est
0,0.09723556041717529,0.0030483245849609376,3.317038808816099,20.34087161729722,4.499398848717607,5
1,0.1782907247543335,0.0030412673950195312,3.211471405932966,18.382860251128918,4.28091866648988,10
2,0.454885458946228,0.006627631187438965,3.080912392781058,17.27407759266959,4.144728840796774,25
3,0.8382298469543457,0.0076740503311157225,3.0436845749390975,17.21865289976495,4.136651839219929,50
4,1.6537101984024047,0.012764644622802735,3.01164302075079,16.75244918004582,4.085274250530739,100
5,8.239485049247742,0.05955512523651123,3.0034943980683066,16.665203311787625,4.072814250967854,500
6,16.755675792694092,0.11841475963592529,3.007112655959132,16.66073375797122,4.072567091529648,1000
7,43.03782117366791,0.6195334672927857,3.00418560201384,16.613941710160624,4.066400980906058,2000
