,Fit Time,Score Time,MAE,MSE,RMSE,Est
0,0.10762405395507812,0.002793765068054199,3.3114020418580523,21.016406762245392,4.573499484955079,5
1,0.21062819957733153,0.0031932592391967773,3.2300629014287026,19.910405676223917,4.449278051394733,10
2,0.45550968647003176,0.0045163631439208984,3.096840691171006,18.383630785185186,4.272730156048999,25
3,0.8993607282638549,0.00736997127532959,3.0571306860400265,18.085787033101187,4.239436082593487,50
4,1.786931300163269,0.013056039810180664,3.0577187226777847,17.936411908741132,4.220029141332543,100
5,12.656635236740112,0.11316523551940919,3.0423797022396393,17.840698417389913,4.208618300780278,500
6,22.05260624885559,0.2027522563934326,3.033254160910431,17.763238538370054,4.199866716305975,1000
7,38.46342589855194,0.29366843700408934,3.0308116508547367,17.74515972967352,4.197193429192758,2000
