,Fit Time,Score Time,MAE,MSE,RMSE,Est
0,0.17109429836273193,0.0040694475173950195,3.0430539875706217,18.171000367906707,4.247392669116296,5
1,0.22382967472076415,0.004276657104492187,2.9534079848346346,17.02179842653208,4.100413608372729,10
2,0.569950270652771,0.005598878860473633,2.7971860330578298,15.682246670030807,3.9455932875058073,25
3,1.1408636093139648,0.010635614395141602,2.770126126556211,15.1839792150857,3.8831752636950077,50
4,3.0231980800628664,0.03486342430114746,2.7461509263153054,15.024164085604312,3.8627634840815346,100
5,12.347116303443908,0.0780611515045166,2.736286303803593,14.906599322641506,3.846315301977268,500
6,21.884179854393004,0.17220146656036378,2.7335382703782436,14.792617624945905,3.8318474199036423,1000
7,84.60935654640198,1.69302077293396,2.7306308234792893,14.815534745402626,3.8351989904446944,2000
