,Fit Time,Score Time,MAE,MSE,RMSE,Est
0,0.10570223331451416,0.0038161993026733397,3.307852281716245,20.037607724901125,4.467688278560713,5
1,0.1995912790298462,0.0031606674194335936,3.1764688408181296,18.41228381122961,4.283099392439203,10
2,0.4706571578979492,0.004836177825927735,3.0703834759401256,17.326093721823938,4.152790541954289,25
3,2.978184533119202,0.03726649284362793,3.011804391811579,16.773293833319293,4.084647158255942,50
4,2.4400667190551757,0.019048547744750975,3.014882399257881,16.715897760185268,4.078935501394641,100
5,10.32247428894043,0.09742019176483155,3.0079804374927273,16.596149171458148,4.064413135609994,500
6,22.168896389007568,0.2543389081954956,3.006173090976702,16.63520622044293,4.068880981785534,1000
7,42.244145441055295,0.6167726039886474,3.007373282548765,16.650553370497125,4.071123628570389,2000
